Y1,Treatment_1,covariance_A1,covariance_B1,covariance_C1
46.671860394939465,1,57.79657938513492,31.10809019391956,81.94825250915582
24.64034327380766,1,1.7472057896112947,34.2511786286066,49.57855042740813
55.785485433193614,0,86.47357324977662,37.20317786189305,74.81071156751705
39.73951440874829,1,6.70935379447577,62.89481023101507,60.34392088999765
31.23907400540913,0,17.663269125022197,25.44385995621393,78.81274642708448
46.98171734810326,1,40.37281655590308,56.0178675875738,59.813626731514105
30.819365844631342,0,11.110163280819318,35.94423804665973,65.54310820860826
26.53952669658161,0,55.48029510311855,22.286947986672555,4.903294854885121
64.67253618386728,0,34.460302569080746,93.52377214016818,84.62468278537895
64.80803465055297,1,76.07771683075104,97.05672849164644,13.310141023345423
38.659398831969256,1,75.34010958011567,14.897855136955895,47.99111951576099
44.96696207799583,1,52.17948336945649,42.785968155712915,58.4936490243686
78.9828894504054,0,84.88398047761135,94.08127167443246,79.425933186745
41.91713913412762,0,30.745339646753912,57.766016214010065,47.9356537724871
57.53886479902229,0,77.85826307769871,52.50340524622064,65.9001188861221
19.379486828299857,0,23.7831983750578,7.3552989852219035,46.51203860846878
41.28061661706408,0,57.08662104522993,19.32021620789034,82.1327191016948
35.01503795734979,0,27.642535798410716,34.3925750411914,64.82623600675007
54.39198719277618,0,96.9247418982837,36.71121993269374,53.150383251067865
38.04781395048907,1,24.169400746386483,51.45754433151137,48.56987996984291
15.885693684472026,0,0.6626707376890639,3.0703190172257755,72.29382428137498
56.266514583199225,0,84.12060644997578,61.54277014167619,32.06612295768008
26.710263245825214,0,68.62180759145632,3.1145317177034393,24.389541406534722
54.97520938682308,1,82.74200165913147,71.62805085173241,5.006942741953379
59.17390986445376,0,61.602912984055,96.1885113050439,11.088157236098494
54.74330458161661,1,91.86124244211656,16.74628451224679,99.93209022041466
52.013396751264835,1,27.174203623341086,77.8308336003856,61.14401112054134
43.69660018478597,1,62.07249446657875,15.619567823861258,91.63512357633921
49.845663977420145,1,63.485748052232495,54.708847198110064,42.08200341253183
48.95376589024417,1,90.86368124380428,45.89213109994258,14.189045385629262
46.87852515502489,1,90.06939006050875,16.95559525665442,62.87735017105246
24.539107353910886,0,7.7742346571472165,14.120760026006607,82.79266473182038
57.776855234147064,0,6.934286351703922,94.57336119310963,89.33612425696013
54.47927856933253,0,23.55147372854043,99.62162249397709,37.8259372658978
44.052977953097596,0,59.52874110618779,60.797240983542075,9.377296139122148
57.5379775869766,1,52.029685809945335,77.29705094770758,52.55125732454985
70.02357487804309,1,71.696677378695,75.71298223804106,88.64689384609085
33.936309893440004,1,99.86084402767494,8.05434474682729,1.2815939320330427
50.46335736811263,1,39.53919969159869,89.50530015366942,11.497386995826286
56.9122816745017,0,45.64555217654524,87.80797485853998,40.47713039061065
41.4796741625848,1,22.821202768257475,85.01663267392871,0.6333013126803344
57.644129151896365,1,28.411480515903374,86.60641091546366,69.89060315469945
32.117982767182845,1,83.55109742215208,4.538265427144439,23.68673684839725
24.079030239084297,0,6.7962321711809714,44.942086181557315,20.31663057553541
19.080065798633388,1,34.81732701695456,3.050938496739586,34.572461474255924
52.344948693097166,1,11.360678444121108,95.9980699949629,50.187585809378355
78.55779120772586,0,81.1607956021694,91.60666174680252,87.83443914177012
24.193664027756633,0,26.986143910390226,16.01445479390675,48.46019468538431
31.097078763730256,0,42.1223597905676,0.14153627123546508,92.01878159032894
42.10368860766792,0,39.82311847945294,40.301119134334265,70.18152705049167
64.07702013447616,1,93.88145071612654,46.090934274153774,84.88105604988344
17.060601374513894,0,8.570766146759546,24.796727378405613,22.853402895618913
34.83439334412587,0,19.80827572262922,41.202428182502594,62.05469677168033
55.60028620856609,1,95.32234605510644,26.330184303785266,79.85754335260027
67.18063993890846,0,56.84294065622355,98.22985286563478,54.17908297893739
48.55257029636895,1,65.87900958035013,52.664680118803496,36.114976873712536
70.40472473907455,0,80.44048861689053,66.20286317981055,98.95716441041587
43.273226991715795,0,1.3291509818782243,82.0347432206708,50.30292204442003
19.880712491225704,0,36.60820079012731,7.657619513661496,29.176022243614554
60.44590154076506,0,50.040203020820506,96.4072418736636,34.35471942526734
30.45637817040041,0,74.90957490942397,14.258250083655266,11.401028320555573
59.940659509662034,1,41.74292846331377,83.06751629872761,68.45387225588428
19.776296082304356,1,36.34481360079257,2.4742042910571693,36.915851428218595
55.80055936590053,1,53.48778811993221,78.80732674057217,38.65646116846
63.672916190904964,1,51.70983633848015,96.76859225558542,44.76264193563373
45.79404145443054,0,25.610002580909164,64.79919794807714,60.95680750463467
48.53992858040423,0,40.230832768700374,66.45173171512849,49.44993031871358
23.378192309705753,0,18.817033064019427,5.955965577848843,76.75348079680194
68.90770780748045,0,71.53234851371877,83.94632386196575,69.34736854289261
21.409476029242512,1,7.5361605526142235,8.839030877625564,75.56507756204009
72.55520033195033,1,94.847758004893,75.76054605598522,66.48327254044176
53.231783287049495,1,31.233346240334825,96.67209160625549,23.464713862234234
43.097203899102844,0,79.13122191145258,21.155115055808572,54.4789565167182
53.248041029209595,0,53.702292596582005,70.33912352806627,45.00851919504241
43.22694812199818,1,6.298813124955405,56.82623486187046,90.53405119881684
17.339870683765547,0,39.44047427152497,8.504699208452715,10.52924359463484
42.358527687424136,0,76.45776561723888,34.848915499568825,27.40815901212472
17.901512503596322,1,27.23012541512152,3.461808442905845,39.238757509487634
26.579127378846643,1,38.14770562071551,23.145337276121445,26.883403910917046
51.51448482170834,1,56.10437207424576,80.1407813182804,10.634303360612263
42.53862396305872,0,91.47562193060647,34.06399228789161,7.351702343600708
42.43214900913664,0,45.87300945559099,61.92350593171564,19.50421899886544
68.09437161626906,0,70.06862196908108,69.81555204528463,95.73782103715433
28.243161495166806,1,25.96852623883018,21.3267827517443,57.10945261410016
53.80980729985262,1,30.48779970940766,65.4026075267198,90.01212188171202
52.34566403088882,0,58.45642485155804,61.15628258409147,51.73111770892407
38.7176019671868,1,40.642864019749126,39.65658518334559,50.81054343961912
57.765329215056155,1,12.929099533589227,85.73382436503074,95.46534804483545
79.46473923294532,0,91.80523223163068,86.96950691333505,85.67683399061045
12.744803536236745,1,2.483790951364906,19.649518578065962,18.199294098004447
12.369767546691103,0,8.296620798325838,8.436332506565158,32.53124152283644
34.06761521718569,1,39.59382040973415,9.528029670857386,89.39128612961247
35.204246630709264,1,39.76079743645927,48.28381358465377,17.312409829549846
57.09440754133881,1,51.17321280924667,66.11509085586162,73.9820367811008
9.972866490170976,1,2.0856109693648706,8.295242144243709,27.645431708320146
79.11987401346242,1,74.2934484199154,95.22038150814858,91.21843442114184
41.71155522674394,1,16.890325598433297,52.977809351126126,74.76666903381751
53.377780590195485,0,6.963807464867733,87.63699782826252,81.16919609715075
30.625905128336804,0,64.01824046206248,5.435475799554124,46.23121334948205
51.44763858862188,0,24.72485980786575,79.4590058081658,61.23289161497914
61.5077753468697,0,75.94700582398661,89.99270672416009,13.632954550048403
16.433795981350826,1,21.190528703762336,19.68218380398101,8.5188192431486
67.58331940071052,0,41.03607957654566,90.02534943143814,96.31177877585785
55.328838644834434,0,75.68950295495776,48.14755786600128,66.81482305973299
41.4349470683655,0,50.592475100935005,50.50739061268143,30.271241465062182
49.48713945636397,1,62.68543981457104,55.94819104139393,39.01115547717542
34.47172598897101,0,14.729034409832764,67.2616319043432,15.741814521419506
40.94908767552633,0,5.458694125585151,59.73005241345594,77.09729236234202
59.729410292488154,0,83.89310119504695,38.6508074152055,95.50578483945935
45.3178595516852,0,17.94501007010173,90.39332847656215,18.885125700149107
43.854875399125305,1,34.12377901296746,73.5814124281915,18.425883619792316
26.7472441250204,1,20.575266628334887,13.527008635357763,73.31930341188415
51.54425424500059,1,74.53899838672615,49.834583536607724,43.74360657169826
33.89639280090472,0,11.25394478398577,75.19039537883168,2.22025607088161
56.01378700391921,1,84.48134352840778,57.17662465063057,36.493670425723245
78.95093468836393,1,87.4709279497674,84.12024913990052,92.80778323736749
41.02368126297928,1,42.05305197121939,21.693259749090863,96.1523088598856
25.175344045695454,0,0.13503035267783403,21.824726435127083,82.02472182920636
46.61628634315384,0,7.768367754591021,67.9301342071416,85.56861166959943
41.28359866578906,1,26.440046360320025,37.89701856562172,88.4638866572218
38.20276048291734,0,20.194609074306015,71.50032374828409,17.72124130655951
16.377995265377688,0,27.600523986470947,18.262723525022416,3.96374329713719
63.61105334500979,0,96.8362254491843,57.49365738452171,57.81361378222911
47.19082562090642,0,64.69499541160933,40.443002102511315,58.025630782095526
34.719239607030616,1,16.82344148095779,35.41982741611326,75.0213809814899
32.2180112270781,0,4.973381849660963,53.74105028355438,46.14788279379029
34.83686782511547,1,6.050211643269288,48.596372107865804,65.4162774449418
20.44248863532192,1,4.077033245674233,2.0861460900342577,89.42460112802972
47.04985836304069,0,96.15181032590871,10.11770234584648,70.78617163464746
46.818502675178216,0,97.08745712428218,6.755845903773672,74.94963588192047
38.32086970033146,1,42.80974672891473,25.0329365447448,74.82385531879558
21.001195741557382,0,3.2166550811997485,29.20478034288164,41.771435400224
35.64662404299031,0,26.811217468961424,35.56028145264656,66.89573110621629
55.55294426701684,1,73.28402518701222,35.73130927636814,93.87606500182962
5.198497634480248,0,9.284963087699726,0.498061098364444,11.068921344122762
52.13661643314368,1,37.222885359584836,80.74438581897337,40.859982488394365
57.85139715143352,1,44.765340967009905,76.82407983237266,65.96081464190739
56.04272136339589,1,70.79645277143487,84.6848398880851,2.1492478836569573
50.32460109287266,1,71.5748167211257,28.916678439451506,83.92742350377176
26.802157027347036,1,38.24590168565961,26.028362134170223,22.085208339905293
47.500257950130816,0,12.389409635650972,61.7292401683336,95.45869496051044
33.596088080952,0,54.427082543666685,31.722957024463227,22.89390254033352
52.68356662803623,1,76.78822798019756,56.00212411211234,33.73124294566009
54.28612178882845,0,7.357384166000102,92.80521489674074,74.78410290166062
64.87553512639214,1,53.23877245516883,85.33451426692953,71.35048841534838
47.19077060151269,1,86.64237930520507,38.935427165299906,25.619429719156017
41.66858468982437,0,73.63357510247887,48.820175102822915,0.2522105897577065
63.092840719071276,1,91.28453071191758,47.28744244581298,81.46252263585401
46.11843466501776,1,23.524084040784267,54.10483004261,84.5963871786924
33.785052557171184,1,25.03402331953065,37.38066578633074,54.11289623389847
42.630459918031086,1,49.10848883702883,44.66252958382664,47.66450716695889
42.12272915602149,1,90.75142065940813,15.021858359463302,41.942798072068676
42.97229809493606,1,47.93592353703946,61.86080964238797,16.73598588434514
70.06595041203597,1,86.94170843609189,91.59718483291924,34.22281974020358
50.93285141332451,0,18.244082159923035,76.30905947590168,74.68001487493459
41.708360589010454,0,67.68980233805948,39.962959257074814,27.0811809238134
23.464783589988134,1,11.380065897691871,22.05903323420054,53.63575263500178
26.121349502311393,0,7.221434260590021,44.41751001692204,30.93957608682785
39.110991300485,1,99.73441280510119,2.2784114673012557,38.89651436017072
55.33285920419665,0,83.81807544811076,25.721500217024264,99.49418241476859
62.15395882533552,1,68.43093603855894,96.93771580733454,11.747958454170139
19.520889770816794,0,22.93922132700287,29.07030533442787,5.05500619472391
23.563327132537083,1,39.66293544226153,13.198651619609059,29.424929260075004
84.38514917374212,0,98.17769769842785,95.77173410637513,83.11573110831854
49.10643764663982,0,42.47957853592623,59.61924766546354,62.57432509838269
43.78676299834912,0,43.18417875988455,39.7359621395123,74.68562257289413
46.80312439319342,1,25.4523971055038,88.33122837131529,16.674569565080798
25.904073968501145,0,75.7173129168718,7.563467706722271,0.8174650537534744
50.54581229332937,0,35.14283027290644,54.33578493246032,91.34324619236654
67.7454761796595,0,97.00500443740545,50.15734519574762,92.90518385069412
53.953832553543194,0,66.74689436506202,64.62113899093116,40.40654323826062
53.429359486671586,0,44.74114145083479,54.30218678237564,91.43071169235444
40.577935879069074,0,17.61556457348723,76.06049290135006,24.34534673241442
27.838829957091523,1,4.729680534275005,19.01521664823459,91.56919568757593
43.1876770482875,1,45.481771183292096,41.12877808168304,62.95817230313327
55.13387118918649,0,93.85620425373199,50.867854766944966,33.14934003144453
43.91837345766761,0,68.44653876873608,15.451882379045479,86.01829437714301
56.07313109570917,0,30.460804349689585,91.38603946060077,51.90237003280992
32.43654499937168,1,89.06190939017827,7.954254269031857,10.181352373527286
41.827118073490624,1,81.75750903425016,13.918816267125555,56.16169428182677
27.84836826483115,0,18.96111485408384,42.02472543115449,26.750718180721023
45.25617342483128,0,82.23078357535553,33.36502582077235,36.20464011957838
58.10337049227019,1,66.62635881495954,45.22368950182637,97.62993523525883
29.53004737926617,0,36.87768012699125,39.230395272877296,13.87292616008937
54.290044784528824,0,49.365603134124704,91.18876623552796,15.024286750401107
22.64338510917502,0,13.810446975578772,38.126033731897635,16.24918761871167
52.36367510665545,0,29.30486586445693,86.3219982019672,45.2170803326574
56.57739166353967,0,45.86743766513174,97.36590998824471,19.353981843511324
50.75189080061678,1,73.6046944492094,49.00561452247453,42.841183284320735
56.76654411469654,0,62.00189305226266,65.44751457427029,59.93485184654814
36.02957094044752,0,33.62036203555403,41.11039216620951,47.496527316487544
41.521162217379555,1,38.69882088944242,71.58754366335505,3.8824924260240423
66.28406170167936,0,91.96430751637567,50.961750478106204,91.55034627762092
46.22222723024606,1,14.374666769606993,70.4316496027734,66.18583679127302
47.28388294275953,1,37.20065496481719,74.50873957001335,29.100953126545193
38.74269454910976,0,8.70701314363751,53.90660665472902,72.83973972063448
53.068576926489,1,19.510897917211555,69.00927992157536,95.55797791347695
46.32222026724686,0,46.5229644043846,60.59031027674933,40.64603417615875
33.21369829412131,0,52.95408069521116,17.560063462348364,51.517243503093056
41.47818717183818,0,61.735916650976755,51.718763071056316,11.349534740613143
52.15257642721068,1,68.8617867472199,59.65797405137159,35.654253912480385
56.4828078451144,0,16.84077656887726,94.14148486455105,68.86990464315403
26.941223997850337,0,9.965186102373934,15.3899530675789,88.97843470053297
54.2210501724568,0,24.491519993192846,91.11255003007834,52.14287081233806
55.83114549679385,1,29.517581267481575,96.68636316185815,39.006629259030554
60.40160794344731,0,43.260327084091124,73.31199834773712,90.49355239562561
29.32044824610316,1,27.407956366232344,25.200855674992983,52.588595331181324
11.576506586606339,0,16.810625663258005,15.989200223813416,0.6881939905178491
55.2149433676214,0,92.14600162605312,48.471676629847536,40.91236113933229
38.56335398719572,1,49.49246821573726,25.467599432781917,65.14286874680887
33.02350317477763,0,78.03196763155502,19.666826599645926,8.73591122726377
59.92614125433519,1,70.22984575352616,63.05329142229448,65.67935479679777
31.055408284295495,1,48.46315139408155,34.93511103721897,10.212092255917216
59.80641420346606,1,40.47316481515581,85.90169366975377,64.01893645508908
38.448608923455126,0,63.25036394315757,0.8152946654147897,95.73690937170967
27.389664488666888,0,29.172466447738987,1.6959758837512773,89.79767100422339
48.4298428395328,1,89.7147162919994,35.37565482123879,34.32583011718734
46.41732747702865,0,20.338819788984175,99.4925587685055,2.5932901646560036
25.65807851871549,1,23.220256398030447,5.738257736790819,79.48349252295014
50.9800033427835,0,59.50689523549819,61.76596694960216,42.107739961465875
36.61503749032777,1,35.26854783997969,26.13449832071205,75.40336905024522
55.56638626910101,1,12.10346612281199,80.69453184191133,95.7876684774644
39.00145625681612,1,54.63814130798885,5.68979089354068,99.17048753501597
60.89117253128143,1,88.17123038746576,42.84797227133114,84.00307253254626
58.339507111073715,0,97.17667701720137,31.370312317401215,83.19189539476413
32.19548704880403,0,62.474590370619566,26.731717720851233,13.802114246388342
66.01615752747266,0,66.44815638792694,71.34196934242857,87.72461437061571
14.19869520328203,1,0.8888342411231709,27.650966840723555,11.858290973278274
70.35666547386897,0,73.27362762768922,72.60246282307934,96.66796028165234
52.16801168016957,1,20.341556288670137,91.02300422624874,45.78171551534515
33.03990508368524,0,62.077548691095515,11.030712192997939,50.02177799578704
76.51206353965532,0,82.36153514382582,96.6416138624411,65.73478725765565
63.55974344686756,1,96.28839285076279,57.24277675644789,56.38057444529787
51.090283853080145,1,63.370867065754986,30.664552854176954,96.56601295841433
63.17719541405269,0,95.5499957506935,45.128513975320075,82.30395549358308
18.934320323982053,0,21.048014762001767,15.445738089180283,32.20810329854705
72.32919923573152,0,48.923243614450584,99.03399128878277,90.1931481794162
64.28880567689214,0,89.43112561650932,58.090001409745504,71.11733714020573
8.49659740362091,0,2.769112727091394,9.023692740503563,20.281932446460328
28.277327063432324,0,37.202701389261115,16.504530314897824,52.5735226034743
27.001268419194417,1,27.40641338369042,27.447256536724595,36.50220894698727
39.382004223882575,0,48.04456221652982,31.944323020962194,60.954531752693754
24.270106888811913,1,22.661798990084392,41.23795073119818,2.3819344965366307
33.31662431766229,0,29.39186788511039,11.33973547242183,99.81584881580218
51.01795972411089,1,5.6253919272399315,80.083218343962,83.98527404177052
63.157582156461594,1,76.08064105488272,99.58137517079368,0.004198858396509131
43.38681856189684,1,91.40718738848601,34.78286485004296,7.757582026669263
49.50977407929741,1,76.85362264116739,29.0869946384294,71.59444715787714
28.584917650839653,1,18.35500486935697,38.70025905699681,35.49156283616919
45.70002459931189,0,94.66322474295995,26.3315385607236,33.842208760672335
74.8550934749283,0,85.10981230679067,87.1296678724811,72.35141316949328
45.13787292524307,1,38.41037750543607,43.44331768371483,78.68716300063157
21.632219629934706,1,12.719276923429435,31.27022977714795,24.041723210233478
49.70234503065842,0,94.43550918521215,12.181930340040081,82.49460069539373
33.99231511332021,0,76.86824254729532,17.54770209315807,19.56380755934194
45.580339426904615,0,8.454297681414547,70.63626053591267,73.94772954057589
61.65907485277979,1,49.22440060751534,86.98897218829245,57.980828976041046
49.59670397480586,1,49.11796018725732,66.26708226905033,39.27241505504264
53.81859715155786,1,14.980928629040957,74.02526551282772,96.07106178857242
37.1669615422694,1,9.320750531295962,80.51795918261149,8.317763549180057
39.14002145259023,0,7.46093104902471,62.47133028570494,59.566050118004235
27.938445835984684,0,18.814744091107617,6.541948986393908,98.38621507047417
65.4296346300278,0,91.34624136272204,86.67074708685631,16.787316932343376
49.44217420893101,1,56.200604142510116,76.32184465313662,7.766275524616606
68.46374723162253,1,49.43776344611274,93.12797169401635,79.40614760091084
44.31161609005045,0,33.46076428391408,49.897856923152816,71.57122017807549
40.10506697583479,1,99.09336647756307,4.628026486793358,40.12923218924266
51.50509878610074,1,3.1941460519408382,93.04746430254013,64.13934624751218
26.718169674144335,1,34.43354665389019,30.75116244680971,17.938203496266958
34.7080745958285,0,39.98615314469307,30.245390754628698,53.070361752845486
42.77629046408639,1,64.70693541052789,50.69731037361183,12.926428457416439
50.732299950103155,1,38.93000226940947,62.189994189973184,68.38650796645518
33.204432392419584,0,85.73319392186107,0.5231464798845398,36.376078119537226
35.82092769592874,1,8.239794811216195,67.4078712693995,29.429203724020404
62.871115210303195,1,99.6840362963824,56.7650056026984,48.79951040154554
45.46454637728602,0,25.296451909536376,67.97190293758591,53.4342481469537
15.59245239486087,0,39.425137263530296,5.6473758261221585,7.529804426764597
55.59370195489719,0,59.823609525221414,71.66987110796067,44.89335327073246
43.35741811879403,0,61.98979698614727,38.90019807937064,46.00199895600795
51.753185701933575,0,68.6821836478765,40.092092202195204,75.55846863346272
36.919324046912045,1,8.296263659230373,36.65346442622381,96.34529589326704
70.92132548214434,0,95.96587125007221,81.25261595447188,48.152588626669655
57.99908739246384,1,36.620656868876885,79.13254414649764,74.29936336600859
42.34577243098221,1,52.06792250934378,41.282718368812375,48.56154165327062
75.41954144366272,1,89.03547358694422,79.62892927327381,81.78663829134966
42.318839299761905,0,46.07576620033026,33.0405068840818,76.39953343015054
19.427402752570636,1,9.482320017574185,5.802078746162797,68.80937624416632
54.18447909376415,1,64.0246198703118,51.84550347816567,68.69445870702174
43.65724818742486,1,83.34737049097444,23.908624057834828,42.94793708499297
36.697889353862195,0,35.50966827443208,56.68410576171811,16.85673283422662
62.21253767516672,0,80.94498016013448,86.6863502557495,16.2725176241329
50.90982424980621,1,66.56103098120255,44.499538602403554,63.20849757242011
7.0253469762535286,0,3.0554322181906457,1.986928319866299,26.569729914249073
34.206802261607066,0,58.418385434088705,16.27072225390027,50.864988649101726
46.505691239080754,1,16.47173043189315,93.33147057234872,18.657919402866575
34.18732943488181,1,7.202857730000289,36.07361490672649,85.48513076595563
66.03619088880453,1,70.05850886240992,97.09684271206389,28.399505726279973
51.0842045122659,1,79.42993045612926,59.72492837514587,14.326270126843843
74.78174852723271,0,97.21876457543736,79.91829892739855,68.24399791821035
75.31586451557109,0,98.5679043173854,90.8206324783351,47.08620114510714
27.762661565955444,0,35.17604902501792,39.03521385946275,7.978806573324826
73.40432423527581,0,83.01169733049981,99.4896747994267,43.52472558177588
56.09289317421099,0,62.71200025036608,49.54108178561435,87.31430192427712
59.57360196110879,1,85.97846441579637,76.86565413306545,12.669004915718517
44.132307548996216,1,72.73600463670635,40.987032999639396,27.083464790642775
73.49934424314712,0,90.595694263593,93.5644895797585,44.474200660829155
64.88236819388769,1,63.47887602864065,73.49916163258186,79.69520366131377
20.136525986255986,0,27.479823914059885,8.991621931932192,41.47965019632572
39.95618316272622,0,16.825596006325394,73.36826113972045,27.80599952470211
67.15454383061997,0,80.58819845607125,91.02333990150066,32.843741665991665
22.811357723368644,1,20.720910489431667,38.73522480142114,3.00497327985344
54.292045496239844,0,52.072862585238596,47.97769261974426,97.3955483638528
29.495991176678473,0,70.72301293144042,12.532667999012636,16.330100488206455
68.21791200676516,0,72.8853827536613,98.86901089963494,34.02346410406397
35.92438745586168,0,29.040037326189516,66.4793695022366,3.1031422855509305
60.61687188808186,0,46.45178360818502,68.66722777277792,96.07222848257594
40.618082978256716,0,61.86445728573141,29.233905342689837,51.82591827730679
59.992901545812494,0,91.55912437532501,79.88966337005444,2.846494425966062
50.314734903882524,1,69.89384911240226,30.73731632355814,82.75826820369298
78.02395797872649,1,74.69401646382711,90.4924295599178,94.5939060780562
44.61566083030385,1,44.6258123656751,35.93915843710839,81.76126872878984
42.61583956286863,0,14.034917455896046,92.0663354363327,7.894150757833662
58.95424856548571,1,21.34541691364208,98.01448162958246,64.2241541978005
39.407161132443974,1,69.94777686041938,42.91775084094978,3.7786386896912383
32.96009527569081,1,41.00474487903669,33.5546636935285,33.68403167284204
32.25270901373515,1,58.39772852088042,30.19039870669723,10.786154873960674
23.007711599225335,0,1.9524543682963524,9.692861915988516,92.72415261170511
28.89992355590453,1,22.37287337114403,7.192091467898754,94.05612478700907
39.90977052126695,1,27.38407542994594,53.07737962026826,49.81798022087932
74.7400810785486,0,80.9219313824608,77.73053190614858,96.85644450675464
53.71871726397331,1,95.22104519674534,41.150954579809685,40.96010936512915
47.95974000083924,0,42.70279301357357,49.54562322525459,76.65326403332668
36.7711891352145,0,32.04571381857302,19.852546470559908,96.08228200709313
36.09566386943038,0,75.46039000717235,28.155657784382015,10.976418767629337
30.861318790529218,1,17.869951079878778,54.72600636465192,15.549654603524077
70.67669928337007,1,66.97274066586199,90.66701196474834,69.09036148856065
43.02669681062551,1,72.06812252570283,48.43071261008615,7.669875044401008
50.772135931156924,0,39.52515307569973,76.38026414047452,41.812421761285975
40.93494500843539,1,75.06799706264947,20.012227401532947,49.54827464513689
42.898566839959244,1,86.64593826226776,11.48455782983443,59.0548111467257
65.35157822506032,1,50.215928886818695,99.07982715145303,50.77434349216752
51.50853614141036,0,98.34495591669771,14.575969050701676,80.8733087306019
80.83026553584627,1,79.65582193126566,92.39270006327801,97.38219465577677
38.932194308427015,0,80.64242624689221,18.924673919509228,35.8479843327783
26.102599021493006,0,6.619021106527789,12.64134970988019,95.30176402791297
52.038648635156264,0,86.40810669499639,29.739257686689193,71.10256775990833
38.5723915575293,0,95.83282725541385,9.375551054086273,30.361614796353198
53.59030687346403,1,59.42974807018513,78.98111416220954,18.344683937623408
33.283470976737284,0,32.41847709145428,54.848197244066256,8.093244758372464
20.23389168315481,1,1.399762095695689,7.935498969653243,80.69881733292404
46.84230615418293,1,59.68277983092929,23.14237068428301,95.9026196559547
13.015969228096981,1,13.402252771152645,0.2042105302697661,42.06804592321641
43.586329639969804,0,32.917098037053194,42.342288104304394,83.87142493566043
56.79910055500407,0,75.7431066685801,70.61529272766496,29.150257316820237
49.71997383974468,1,91.10589092179323,45.085185504304285,19.270661807425004
39.51096219470914,1,88.03330024644136,7.624666235533073,47.755528132817496
63.82104937656135,1,39.354240732903534,97.08210215337502,63.40968147670141
18.269184793506113,0,0.3394597761084972,44.450639729750385,1.935454843867046
34.609756969713814,0,58.24749397731029,33.32141620170789,19.034711479187827
41.07104463547759,0,46.148748204831314,50.238844293623096,35.654412282894796
13.968127320744422,1,0.9446578243073267,14.998443825668284,35.92676221592455
39.19083423706948,1,61.30677927857937,13.014360226994127,75.46528181349011
41.34538648837382,1,27.84959628985658,72.67562835905507,17.10128128897408
32.94436308599539,1,62.37078779228968,8.505326230018861,51.654981281504696
27.39601239828076,0,54.94758126796302,22.32830249605946,9.902085097340352
29.717568504969094,0,24.836850197051398,36.13736227144234,39.05784268638368
28.43315938924445,1,54.38403730287442,17.317288367182314,23.45516425754599
50.39752342647095,1,0.11749928322213332,90.64573214698098,68.01990391355956
58.61931420232008,1,77.12073477608932,68.33280728017083,38.24985428712475
50.566297891574386,1,97.12637634521363,43.523428942983344,17.59506705408481
29.752903427527894,0,70.07118759609996,12.481206464765526,18.69532281395848
35.99205094206519,1,72.21860945984795,6.3964493990496525,56.33944172245473
76.52637763098825,1,68.15080939981891,99.36878564212947,79.16810277095394
29.502434740860277,0,86.45001274229507,5.532473352947109,6.7722078849645655
53.956551702087225,0,94.90332226436324,63.64496562080776,0.13784387227572248
30.383842420626195,1,24.682491112385684,10.571981748064497,91.25151193842345
36.28887756736474,0,40.214665517666695,36.18441566499142,48.75355823034083
39.78009901694494,0,45.80114011785892,51.24000917812279,27.71876655169072
65.07618406592901,1,83.97207548338325,77.95276309191611,41.01728092073801
44.2249260354253,1,85.11497667024076,16.93236010651131,57.08744495874271
27.911188244915486,0,7.236427566901938,25.011202649977314,78.6788945742699
34.59882244003741,1,26.787564970226228,49.13910819184335,32.03454836116101
41.27168342677206,0,45.815207387761625,43.0868995312929,51.461806989632045
24.847372602558398,0,17.839153868713087,48.34964979709299,0.7788326155363956
16.83410499326627,1,30.44003653188406,14.347863464545785,7.314743239413679
80.62436488020018,0,92.64496910275872,82.63587274811849,98.88262525062581
63.38086666779479,1,92.39647264602353,54.905835472658616,65.99795342462144
56.73241418729003,1,47.1151441925856,62.64396108466269,85.20143247824639
19.20489604155598,1,19.81813157191533,25.98433444517504,11.828613959556822
47.579352653167675,1,62.49806628407709,58.58264044023819,24.484382959246354
18.418921111061156,1,13.485838186993393,31.59183100163133,6.182186271553025
24.35066976274429,0,59.75785553567895,4.214358669770412,23.687848170662207
39.66717903343388,1,25.582196384712418,31.30029091845038,94.86201875320005
51.19961960901328,0,29.5055255270649,57.67601147821764,96.38778679803376
24.930023102586418,0,14.964864638579412,43.6700347855931,14.86274898387675
21.33864121482039,1,1.0095960906735368,44.33838146492344,14.002049008244777
46.60983429078714,1,76.51853224444129,32.76775099618089,50.235871094911985
56.037808334867876,1,69.85178458290626,40.57137936315838,91.7686060736632
42.99786614056244,1,22.057385161401644,46.80473853023989,85.79377590022995
33.99707285599566,0,24.814324176962998,54.347803845259726,24.068270324014364
66.05811265662958,1,54.22362961582237,85.1897242473628,76.07567036468873
46.804076814630676,1,91.38484623023288,14.265233473751525,65.912647780301
47.4246703173322,1,14.937759948029994,84.26939797118884,43.677915722238325
22.264420778601497,0,48.26745663918245,5.247197934353364,28.4265230655271
48.384545669906835,1,70.41131382566175,52.033417458608255,29.738922693825064
42.25779736197232,1,88.02232241673931,14.004291109092515,48.74692096656761
14.883755354006006,1,10.822518819087568,12.392677567724153,30.89964340595037
38.632727869146166,0,4.63768679500971,61.81241726253079,62.582274628154664
26.1485570919384,0,20.077520202662768,25.04163968731238,50.543225781073076
63.1930191652165,0,88.83397202346053,72.48740492970316,37.739327931485356
65.1583415389671,1,65.60855923783944,92.3151893118632,40.248490214349864
48.918835556589826,1,17.31207481224477,94.62941695619776,26.86723165218645
60.313775713242656,1,77.74745946249445,58.3338570656744,65.7799752411228
79.30018195749005,0,96.80069093571075,94.76206575914505,61.775741865594
31.84814310106133,1,66.97909916437031,23.69998158164751,8.87210359545617
67.30430971850107,1,78.5836368106049,75.15245252523816,65.84118832612171
55.531947176248735,0,43.3669815768846,78.37536029281769,55.858542930281416
75.6711000705829,0,92.89207986857744,76.59618089604818,85.82501875795194
45.4808458730908,1,28.701260606394374,54.09944395269554,73.65345055047136
49.59261294817488,0,99.492015659425,36.91183526738264,24.90137071697165
36.3295129999902,0,3.133993097379173,40.74751003906355,95.45155527575514
32.25446081571236,0,2.2449331192221478,51.48667132571336,54.931561748301846
33.86178406929933,1,8.89408208356789,57.610898092230535,38.24600103668375
60.11434752439466,1,78.6029409518503,88.96766106798253,2.2320040582327727
47.89545699244346,0,5.232490629014563,70.95919658765624,89.71015584338295
38.73407213378149,1,33.23176549697885,67.2012274720315,6.920257479376179
18.02432695819282,1,21.995880101971988,20.12670547610842,14.374403685789282
31.097357113852336,0,8.103091331601775,45.41021440067532,52.51171977050837
58.96795466271038,0,48.703633596932626,81.75856970940902,58.26718349933493
65.40878920181129,0,66.17686329041554,67.96964124951134,91.8393685744104
19.067949494548873,1,32.81725656717814,11.65939630212316,20.295070017730833
35.13643160749152,0,32.14932131957509,50.843799494705586,25.770577068683785
35.14893001413306,0,13.42105881395279,67.07210220991755,21.468857429901
37.12105824298862,1,5.389126935572097,81.95646897841254,11.10866285475981
61.88190850863366,0,63.07200842598634,82.21850481602426,50.36452027214025
49.81886919732368,1,38.942732085297095,90.88040465010798,6.419438558456825
73.30680814909131,1,98.05799600446446,62.60108862823842,91.74486948228302
23.128446894323364,0,5.889783878109711,31.792327999597504,43.222902655257236
36.46671675355634,0,48.12246496276962,22.073339583263884,66.00320715709952
52.06642487292997,1,26.854495597649162,91.94125877806822,33.667863412039665
48.658768296434346,0,41.97570313338961,47.212292703189576,85.90570137570815
37.80107489537222,1,36.12384330201246,16.5630660111866,99.19347750146919
45.667499611573554,0,77.10018692081928,33.034298157941556,46.61862136075572
30.389014095270106,0,37.34370372137299,5.307225081418365,85.3150647314543
39.488890039190125,0,63.78331155115672,9.130177034509279,83.50912880019699
44.586573822197195,0,28.698783822568963,80.28845707166957,19.307779233793365
58.008889654130414,1,49.3272752684401,61.35279750671763,90.84794035455664
29.55236193050654,0,19.253324049138023,52.31582047616292,14.250182626499818
55.51617142148872,1,41.269237101436595,68.68495498083725,75.80709149361421
43.60803059400575,0,77.99334057309683,31.702822315247147,37.644497479889196
41.19184758388585,1,76.08829500177109,28.98926549873446,31.348264419303717
64.32278811982216,0,67.60408510363968,99.78908324297457,20.629646457702133
48.9680422451906,0,77.79874405267238,41.98523833201674,44.17161848291094
37.128021792464104,1,80.05900311985899,26.615108396968612,9.821387488594791
40.30402992259207,1,35.48692241218425,38.741055913679254,68.30765416732547
34.238472435885406,0,44.45515994753054,20.09618572947709,64.31725079917703
30.34270300345915,1,55.84832640957982,31.091590043888615,3.2578453151487885
38.415194178045496,1,78.21805329165198,22.069729882188305,28.10943118837288
46.417926676607316,1,49.9631346954325,38.14165023997249,78.36163085994282
56.45686338054225,1,90.76069150583214,24.712041619584557,94.2191964047939
44.526271045511294,1,13.51222868294293,84.94174717606003,29.979517851021996
28.088543566822224,1,23.038880458695587,16.344233104496563,70.6959309370746
51.8650145598406,0,56.09359609065495,39.06896385474544,97.04675095372968
61.871238988044766,0,36.58896606250032,85.34078889387273,83.79116805872788
67.36232588929002,1,94.71776562639617,46.24494408990398,99.74509282704784
56.35121097084355,1,44.568596366154864,71.11959799701896,70.16396431094756
45.71690374137275,1,30.846935242946248,47.95730270981695,83.89951042281042
18.722659598887613,1,14.092211011887967,32.78987068489209,4.395240106821929
64.39900785386642,1,99.01298421341089,73.7754974956378,23.42456795794018
21.456246640487002,0,4.435181333029858,17.52842351100411,65.571614180882
44.65576104877841,0,66.07747645340642,38.63023233832546,46.90212588713148
41.53319242267336,1,13.98745191307318,64.80968251410899,54.565419215539045
43.53173004096738,0,62.74538186694034,39.15389300188057,45.23279140066524
51.376058214432504,1,56.24851225319711,69.58115401551306,30.84521466134069
44.21082938465597,0,3.293666696244013,85.64499805291729,44.82365077307924
67.81310594220535,0,63.83727148108309,94.23825685076706,54.833108787868035
44.58802018358682,0,18.591207485959227,68.99706879786444,57.059152093266384
49.0370199073857,1,4.131150209591727,71.92941167470933,92.62955087312221
51.35190785479503,0,50.776624429186555,55.46249534007486,69.66961195004559
30.250726599786134,1,6.611245592600213,67.60005614738554,3.636652315259248
10.837883372642963,1,2.6232691842875466,5.667133034798977,36.42024701718554
45.3544564353679,0,77.62003521585956,37.4587239953231,35.42478136240397
63.82824067506545,1,80.58238426823428,53.377433887457094,89.01275919806163
40.779069652359695,0,42.65443935738254,63.87306041008991,12.167568405544804
24.91005275708959,0,2.9504209965753314,45.51565713796267,29.093318014659598
42.01250000486518,1,92.16222902482212,24.281828574442788,20.75549933820713
72.36939978956835,0,96.88260072092521,84.64084862805376,47.24140061034638
38.397161115490356,0,3.0266045662678764,66.73050113899936,53.98489645005123
29.08677075506573,0,39.13081034413718,30.79491571948727,25.147806820148322
35.777603666158434,0,44.139793103239434,7.010926262261863,98.6564761514093
36.40181789357188,0,44.03828659451492,31.8752038375248,52.201251901037416
35.91834290762094,0,52.05342283352032,25.030266973891724,51.45104634004078
44.29041622393581,0,44.310795538311865,64.04863759566445,26.888612620882355
75.75842715576869,1,91.10909547938132,75.62659616715567,88.37530022546008
54.546601902072794,0,23.53921624685189,85.62177082109976,66.18064349788662
65.45365667347241,1,96.1368006796827,72.64950153396403,35.264079279909986
25.871308323077614,0,20.92702180657875,31.575015959377183,34.81597698676556
75.30960406958862,0,59.64133081212817,98.12376941395776,90.83848530183532
34.754237891535055,1,2.6561507989076083,74.94664141873587,17.393680421842138
37.00477100856825,1,52.34679646441238,32.17567345789314,39.6523134304364
32.60096685390112,0,33.04450438063723,41.36528508750826,30.707507523533216
58.84333962816075,1,76.43697210703557,40.31483598838068,96.43156800348903
37.648091321748126,1,66.44548896905924,11.32546239003618,63.42129837507942
40.06786590723983,1,45.731778596508136,42.36009442553465,44.521472790367625
25.347161692014467,0,19.477733703615563,3.737460023809802,90.04428785702937
58.33514906559961,1,38.183050599615285,70.86533807117347,90.17049328622818
54.07130712518582,1,73.68007592822117,51.405732352510825,54.52495702857567
32.95419279957052,1,5.768012978770532,66.05400452695886,21.510935475779092
19.683962515146277,0,0.4399075425522092,9.963366341949476,77.83321857800411
38.52602258522856,0,56.21978070462848,48.49622061354333,11.308000642113413
32.29949016528875,0,4.986585629058271,47.85904574484437,58.2994808931676
53.70598904411041,0,65.31626488846446,82.08743646708847,6.380674953678433
48.09642828564239,1,21.57346628157779,77.98409052580699,49.65376095423129
55.77436779711411,0,61.66516413438225,60.04866718382199,66.27675841635318
64.57357939323916,1,94.72192230364782,39.466134288189416,99.35274493434521
73.95431195866745,0,81.71295086866898,86.21667377644717,74.76878593743942
77.35673639539746,1,95.19608666120499,98.96722298359376,43.555106017992294
10.329761371550996,0,23.263967691270615,1.22583941756631,14.301176485716438
44.730752949735944,1,68.49378063853739,11.028987547495516,96.3551186958826
44.82954854924195,1,78.54817866218136,6.603559199921072,90.61835635309555
37.82864491464167,0,66.90240452414331,34.951742296794485,18.88613319340442
42.90082017859668,0,97.8262745173506,15.860466446865818,36.0437562232259
46.45862893314249,1,25.817760311362147,46.32680966151506,98.4128848756391
36.47711162530979,1,32.59546336390069,57.34528171439488,16.301799651908134
27.39360222230233,1,53.25649831321626,24.099133495812964,6.384996650061336
34.118478520470674,0,95.23616940803605,2.9098601185616135,21.918418253176075
61.81785986705089,0,65.33207234460897,66.37694803809003,78.3372947421609
71.02205846000787,0,90.92576286748216,65.60423137905208,87.51318524071195
61.91089189061826,1,75.26920211538466,71.15951958644858,51.831617107117154
26.219308893864092,1,4.133225906469917,41.40622504499446,39.58425551962665
40.34852587463008,0,2.248247025057526,82.636515351347,33.09722813287011
32.081559926775554,1,53.84543308494304,0.05538255894558253,77.02888488857205
61.35605278866189,0,66.54617399869281,80.75971462609003,45.44157369309018
67.87995761090764,1,48.944282974368306,97.7375007466618,68.00836209966212
52.659093282641756,1,26.912517336025786,78.8124176237413,62.801855161687484
64.72835591859604,0,88.44109707793406,71.40882415592318,48.162485664232726
36.402245797401754,1,69.4724676638301,5.82239306334974,63.65774136456414
34.6598031157977,1,52.240493736173875,41.829010717615546,8.780253539496607
28.882398287697065,0,8.39177285459104,39.677114064579136,52.47010402744049
18.52926795761083,0,58.22724259391617,1.493886043572057,2.3177038100357983
51.263336592469415,1,44.51738414241456,90.65326501188942,5.73407672494638
62.046143822621275,0,84.46687675869168,53.55366204856542,76.42307987793798
61.84554825244447,0,89.63752667698779,65.28348529904416,44.20448064865232
21.416223656242597,0,19.451940659237575,22.53784690493893,32.82751348247876
52.94260250353773,1,41.13797765695928,84.54512901972416,31.41578799280139
54.828278705354876,1,21.776287515664617,77.34337884908162,84.29020455511422
36.49371196697617,0,30.28456758791268,34.00973871605616,69.02223102089951
46.041139899366996,0,78.82146190283179,48.023597895774785,15.926310851037728
25.40490682061526,1,37.525665244565246,26.482640402041767,15.270755432144911
57.32132541661826,1,95.72295856945323,38.131496822750265,64.25919558341089
28.17669639358452,1,0.5140489952108362,45.802007757499986,46.00839296010637
14.138956794104876,1,25.96039290666823,2.8035632560544754,23.647068098413094
38.058133233530796,1,17.186576782191455,41.98805216790239,78.03469665856201
26.175782288359265,1,12.454759743651122,6.325773868379514,97.04522408956062
36.175480809595854,1,36.037614128357646,21.378804209937165,81.56337443556848
27.548759858722352,1,19.618375852845393,45.40338800486112,15.009459504621425
42.62549606321535,0,41.34108400035261,30.07602777039753,90.9637987747528
55.702650125347105,1,93.07337337971666,36.8757740328413,62.65164249147792
81.81283964424888,1,81.85396221465496,93.51654129631775,96.75017230662645
47.37963549791362,0,17.998667891365493,88.22569937065416,33.44877691121155
30.767660751097896,0,46.718089413190725,39.62065259923284,4.519864437237708
59.68681259399857,1,52.409427283195576,63.37991446509598,90.56009311500749
44.25984798299042,0,73.0132717699014,50.81977770545988,10.13977684918026
44.820237664461004,1,15.054506096498343,58.99632363729641,81.02678190296467
50.97208393460256,1,80.05715964659547,55.042139869516085,22.190400464087425
44.181619966740485,1,84.23422618893643,37.559127294556674,16.938505961184447
55.033665905468006,0,62.72403138930361,62.61191262928859,55.85845718480743
24.644605780222676,1,16.76001485773122,26.179379567408677,43.224247479699194
19.32519488145573,1,5.540853021981807,8.544484729464308,68.72572541537733
40.83611692257684,0,53.870367796144194,18.26861542908853,86.83780206049086
50.79222959711862,0,54.40569390036064,48.390380609626746,75.5718459157986
39.240322244153575,1,78.54951340151757,36.8618587153319,2.153623687827688
35.823881279935335,1,54.55336355115605,13.386462069842553,68.01643693325747
43.52634297302083,0,73.72868288091657,13.01425468521451,81.0101811733003
53.007809976546525,0,36.671828149431626,81.56802230142128,46.895263055742596
60.34353876541348,1,46.940659878921466,74.79301445255547,79.22067510357425
57.65104403321648,1,89.35620479085429,63.98622373180207,23.748465516196827
57.57963181308375,1,40.18223638634802,94.51832100160735,36.08816248268205
45.761429080024485,0,67.10790524439234,60.275894782861826,7.593497967810237
51.97118123762392,0,70.70361488331413,73.59588148573796,6.608720891672459
77.18901275948016,1,96.4637460514817,84.36617638374553,70.01709195268724
54.364886103282444,1,85.70479775204794,60.028622188960256,20.70998951041978
38.49429734039834,0,49.98240805151957,9.074001607220561,99.34987141027122
37.06468933077713,1,52.770539445067485,33.22009218458404,37.227453117116326
59.11295957895702,1,30.099148112986818,77.75450795654885,92.40705981220714
53.62185792318231,0,42.25492528751062,69.54655028909575,65.6338011064541
33.286005449366364,0,43.10929914577011,25.949161859035573,49.86775481010549
28.678490336486668,1,75.52705181265007,5.676211814731602,16.24945033399503
24.154875676590745,1,1.1243288134390461,51.307322022435066,13.973241117925017
34.623005654862915,1,16.66852974813835,33.304116793340185,79.00400006542668
29.0543211903366,0,32.53713588756041,32.63581150564164,31.19427910905913
36.39436884888025,1,12.894855526824811,32.6999386355047,94.7296836831546
36.41524819549705,1,74.06031976800406,14.494412126173728,39.49693707313169
28.9832317665832,0,56.573599483551774,25.44399902481793,9.167761557952458
23.272759566561223,0,24.57664683239955,30.126008387280446,19.246810809645886
63.43253780950397,0,63.17763078250047,63.273477385563645,95.84928810264186
34.54934163457752,0,33.167630788766,38.19352729118789,46.60820740736285
71.4801574103873,0,96.9613446726731,58.95492406572277,94.04892191148132
44.21520038226864,0,50.77265133529726,69.06686057190676,6.783303764583815
38.78524374287269,1,65.36668663904915,14.905054281514873,63.56608019275997
27.348509665288603,0,9.458048167676669,14.111125572454519,94.33322493001897
23.698665695028083,1,25.237332311522497,22.880412248277803,32.376505511301055
37.40158143037991,1,6.18959102511516,80.89646217382891,13.43059626656904
28.93100081109658,1,10.631354686988193,32.66290175471791,60.88216851556479
54.31071736323905,0,47.483699390196406,53.46445186893794,93.39913399302475
49.486552810911675,1,83.6592607739787,51.32723843068663,16.789396032217052
48.64601446874103,0,63.38817093581769,35.818707303832845,76.51040133231292
10.584681010615363,0,28.559916050846688,0.5490164583654811,8.985498060075814
33.394627056646854,1,10.147649786947,35.35052148595125,78.55061763091128
64.98705995594628,1,74.09769409830503,98.67348877501655,13.941781082240745
21.2841625504692,1,33.30362475055231,16.59552959840753,20.774316429702477
55.485260902256414,1,42.27180270298011,81.91334327746128,47.691913901889336
26.409923267512426,1,37.58242430082309,3.4631841602458246,66.24961156583583
78.31942310697437,1,63.6305607099987,98.23120215216919,97.18887016553538
39.82611171354321,1,20.109746987676424,54.57446823806248,57.317001610076446
56.61360933250787,1,84.31634784289585,68.2139357270159,17.665653444163777
25.001274855617726,1,6.094804889770977,41.11232282567286,31.139521292086446
32.107649811186285,0,35.432008654753474,4.610271215100603,98.16969364360001
49.77859204086387,1,9.553779119518946,90.90973693998905,50.24281764506282
16.206962259591418,1,17.027106854922238,4.71334154072387,43.56746793412599
28.844419429344164,0,36.922692998254114,13.41667728949557,62.00470307034849
46.51858537738409,0,9.795690313302385,99.67412611303392,18.551139190899026
77.38467502337211,1,95.88338195306542,84.02163977106537,72.55502264513169
40.581764204627724,1,7.768840236895514,90.8010504674097,7.15345973297593
54.62906589201081,0,42.87626917089739,54.44379386968324,99.94333796434144
42.11127810738602,0,31.741510622657465,38.65687826814794,85.630368066648
68.4857453771193,0,40.82036741216418,92.71212807444125,95.77391961846772
55.22570940417799,0,81.14436940025615,29.371896473996994,95.66819997251173
46.649942989275345,0,88.2638781300623,43.4828800264766,13.888137698330084
37.112365711907714,0,1.796064656108276,45.40961826793082,92.04849503951448
56.354145892389056,0,11.461210441902114,98.811121699994,66.95667039910408
61.58245081140971,1,87.33665813706205,67.02303147243637,40.36120390658273
58.49439811135372,0,32.6525719607651,89.55868895005374,64.37575471551347
50.11249079279207,1,92.81910617407752,24.33851405112284,60.1567666005984
16.35215222602239,0,27.073028010891342,14.53327808251056,12.084662948753822
56.73137176056645,1,94.04732390656443,51.29348360470769,37.49890573357019
53.764211817552955,1,75.70791539810517,44.92232835572915,62.91452927914871
26.56860464704835,1,3.4829319120360913,20.964248465608016,83.19012843597157
77.96339655956987,0,78.37936826962934,89.80105405961824,92.64582227416889
54.11921758924578,1,67.95734577137918,52.997631231527166,60.16480682610579
48.268606987865134,0,20.90013811570508,77.97795640126425,54.03691496323953
49.21073704623839,1,79.3477082907391,16.360619467191974,91.81088386069936
50.28415402208541,0,56.70694295902246,82.93264394271247,0.4950677864684172
55.24527826167815,0,12.121045612787185,80.96314436334163,96.11853416252673
28.74877481409522,0,92.39244763397264,1.2523672915081052,2.6504680365009303
50.22878221222179,0,54.942901963676704,69.45192225223971,29.82571361111447
33.68234614501489,1,67.61002199942969,30.23123252526344,4.03423267540306
76.57876062364653,1,83.13563869922703,95.59851563005608,64.4933138092799
11.519350513644563,1,2.443664690190439,20.944378706625354,9.542498119686439
65.45828855053526,1,38.787315677918734,92.60214479556161,81.40617964467494
61.76643090040625,0,87.9573901839849,39.69557510169558,97.50491902266278
57.671024396811475,1,92.71546545778132,59.549915271147405,27.6820932550906
28.4907684545026,0,9.811176512867325,38.72106664915157,50.29494420490887
19.880076125164592,0,0.15234614379447953,31.879656599381036,35.412548211369156
50.58021077325927,1,54.300276002405845,46.771369156095865,75.40790155049585
65.68810422159017,0,64.30132349677903,73.5514557011649,84.88562446045246
64.4495009103081,0,78.744235042465,61.853178919480676,80.4247941488817
45.617509266205616,1,51.915398493963835,40.336334557348785,67.04177947538477
27.803485096810807,0,4.930776771241252,16.73257276054706,98.15611480609803
51.283907634008216,0,24.106122953729514,80.29863550109849,59.66308273724978
35.29131672207034,1,96.39747076333241,12.485572151821412,4.389233161710293
37.65042795662828,1,50.878975457192745,48.56508985652174,12.303496884308807
35.85617974887403,0,85.10495039932489,12.953866326378726,25.71574049262536
29.460481935029716,0,54.19444512794102,15.700745624558454,34.60925073412013
23.4928346894491,0,41.78941744970619,17.526209147229977,19.727628978226264
19.513553349243725,1,1.1947779564565941,32.202870566927345,28.86985867767904
33.07565614690433,1,4.647823525039307,55.339591986589866,45.22736147378295
41.156202788546,0,15.81385375663018,81.79128024480335,18.477672818178014
45.23467424315829,0,43.304540758862274,36.54981561958894,88.11692883832015
26.87454242183774,1,12.854596054887768,20.516707850906336,71.55740232504438
50.866847184694215,0,45.51419187400513,63.182091323118414,59.69876546622655
46.44493208181743,1,88.02346325039733,31.812551116780654,34.064363299929866
45.840358211822405,0,55.04944435119874,60.59516053558915,25.43730346113563
60.8347025016532,1,79.24647563575469,42.63009786733121,97.54360331997157
44.89392316852178,0,28.509011243709026,60.564149504525375,60.57779996799461
37.16566201717524,1,22.924967839701427,52.33615572787941,44.26854687056523
66.79812033903548,0,92.29871556890318,96.21438042929235,3.113767483237939
60.18689604753332,1,91.64127573987524,42.04674471910306,76.87907718964762
44.11326195717492,0,20.923849482920343,44.69674477913167,99.78704600323073
59.342038632547215,0,82.92003765191821,45.48662656197553,81.35688356090773
34.555181026053425,0,85.68134860758887,11.460739428296806,21.332403362290197
53.38037645806868,0,67.90868784328663,59.34544325000321,46.347964025407094
31.92646827963719,1,51.7659610162347,12.236774829414676,55.00985021500456
44.69612166620609,1,27.03217143218196,71.43035345659436,37.57164426956876
65.19957225206008,0,87.82658531009511,48.42381132566697,97.41036064382381
27.208606354508703,1,42.145886436724176,2.2640904181731147,65.79602128111102
34.95889818303547,0,62.141917173282415,30.82972472310376,19.922165709046258
31.513186009170067,0,14.039542256052783,28.72086595118166,79.06488475940783
20.609154957970667,1,0.4493211879248449,29.850733474125267,40.17032605971552
55.89937041414141,1,35.113130109627974,98.60021109986265,27.12673470653979
62.825417166071404,0,85.86843317835073,57.763912950579396,69.79661016167213
67.35032465724557,0,70.17965015473085,72.20608404416423,87.06997996580307
50.29264021608627,1,12.46047420468155,73.19391007879875,83.88466961581149
31.035274867561522,1,3.735030180685106,31.67884305366012,83.7161429594597
29.126930874731844,0,5.047851404174841,25.658387811208673,86.74610164497962
48.6204825777433,0,19.093750809935127,76.15564585565274,62.150494962508354
39.236138653685316,1,76.67352153828347,26.75770613593792,25.15499868912552
53.11427268406056,1,56.33305642122156,47.64142426692896,83.28893025461251
35.59189860796794,0,13.753823207014548,72.84788730481986,11.63298361967814
62.579417448595805,0,18.82016309135427,98.45907629912978,87.74869000768801
28.352003131866574,0,39.40698518057325,33.16911570251414,16.31130648344471
49.7117180520695,1,66.15330782467258,29.615817369170372,87.59699378499788
45.528611891953084,1,85.57819459020516,42.015561320226325,12.744644934005045
25.60744055566419,1,16.722034739685153,23.485623816393762,53.48290303600568
33.299701463786306,1,58.78347038147861,28.566384445719383,18.690532855274867
24.580623924904934,1,32.23465445039736,24.19014294255648,23.670852063815662
12.054814401351216,0,5.648483548020266,14.707753774633082,22.385839135459516
39.79618694820828,0,44.916009175980484,62.847362327510204,5.912196322050233
60.94000444241834,0,54.645221989121126,98.40601594825952,25.920157331890913
43.81405975549604,1,43.86785534734236,26.18767717203613,98.39316141239439
37.60321120387431,1,80.49300970297796,19.242888745068786,26.29076397476704
45.19745692640894,0,95.78892121502244,16.627745605552015,49.048411598406986
38.690527716016724,1,14.189791669357676,53.032834548803635,63.60228197843982
64.15315057031495,0,82.11576729205458,96.67262346085916,4.246854991774551
34.1407261661255,1,55.30305054523234,25.687668195936197,33.8737186209066
48.80615962009608,1,91.37355050701548,33.77696197891824,36.91654838212075
28.95858697829462,0,20.2884906519886,56.267176095527304,1.8258467224355646
64.33223955571731,1,55.61965943669597,69.06943845055027,97.59283172244203
64.02695912158775,1,62.32073875905538,79.8149673520785,64.52375276519867
44.94133351844486,0,56.02376429884405,64.48456062305597,11.70189989784628
46.72144556400161,0,70.22612310197172,38.97156787627111,50.32490741450829
25.125309088554395,0,31.30115575438467,3.8332848273039732,71.00824215658702
64.95957865152603,1,78.5916348233713,89.61461508417939,25.18121085421442
68.08642502109149,0,88.1602036782239,97.74368071883886,12.704458150443843
56.44025611126262,0,84.70580708887574,76.21009207379032,2.722385775418845
58.88214731462301,1,75.52653378044916,50.320615934826705,77.97970403278791
36.28604315593527,1,66.92936610009775,2.204235870859317,74.12769488781107
60.33194927499148,0,59.17352726504524,79.40241504802997,54.0946253813296
9.090360263014638,1,15.643215842053381,3.627693987843439,12.231589576306245
67.0547351382222,1,71.70531102313456,72.82228484367683,79.5711394690555
27.467972485063104,0,18.477276207242276,14.42562140143091,80.77270531159027
70.28605677238426,0,96.32501089775819,92.87571731536934,21.191332884545368
38.55737533643176,1,66.72990796607478,10.69521150715287,68.80159171874087
51.99885695721855,1,24.829166605740504,69.93415287223561,80.38222913301075
60.210190448780125,1,93.86897938129144,32.172147027263854,93.40318911743573
64.03964665851323,1,91.45627994007329,76.9626643116054,26.588484759245446
33.95775659973733,0,58.9654966092081,36.24894128091887,8.842655523036747
54.780906604631284,1,32.311520650386086,74.46939115001553,73.99846974754624
49.273291770585814,1,16.13141876150651,67.5258676191686,84.61759547233211
41.36676786775051,0,17.998197550764605,48.59656114075642,82.64342073109279
64.51546340511297,0,82.6376787066302,99.07751654619244,0.4657658732346248
31.02998641315977,0,1.7574392751349754,27.867050742442913,96.77967166821053
34.365280801280285,1,31.654242666580267,28.618622164252848,64.60779567802531
52.97267904177943,0,60.77661403894366,54.39942851975965,64.89961711096237
37.32639074590961,0,25.14381957254389,54.39506679593889,40.12609077885445
43.1329104943819,0,56.06416137311485,27.153320830965534,77.26166875030617
54.46406461179744,0,38.95658592325692,82.49683446988003,48.89177523434177
62.01483917280004,0,50.350125332902465,81.75719223925445,71.03462338613757
61.61047047004452,0,68.78684932725963,65.81773694424011,73.23660447085292
68.94434812986346,0,90.26389317072446,79.39037489949335,50.54515109424387
71.8263608049649,1,91.26138468012996,73.87479539898092,71.99013620666776
62.77838290953059,0,73.39130133466448,63.15288356083089,77.49919542399445
78.21239970483391,1,98.94826406899068,83.63546419366608,72.86867403335138
50.31785779924082,0,92.49909734010758,55.100911917406016,2.638819151230698
57.589694730983645,0,63.9501332248462,75.46776558957968,41.08774263848953
47.28477210706848,0,15.405478120529082,91.05792881892549,31.199785716697747
52.20345294509283,0,56.33070227739132,62.06013310540899,52.400945098559184
14.417578495923216,1,7.869400072366051,4.908473197123186,47.96684597682063
37.09274931611836,0,28.83815142284779,21.407200549008753,99.39211834830262
20.933863358999222,0,19.275772930504154,26.331106177897645,23.093445043444582
8.424585636788075,0,14.307607465969262,9.937735561708239,0.7860458615700061
53.498262058854124,1,79.59535033846268,49.62618439267787,46.345916001220836
63.31241035770491,1,91.80247263088805,76.02807255290111,24.302197736390283
44.07433291487123,1,59.22831682189749,27.39239261888269,74.24440410374453
53.45512697342628,1,56.631945210396225,51.229862143166784,77.36799276520347
45.01138758320008,0,64.58461579617456,42.10423023098721,43.971553759764134
49.6894972074704,0,46.20721103712071,87.75004634477037,3.6365767921302083
29.844291418705225,1,9.015431046910273,55.948555286284915,21.301199950590888
41.06170742338326,0,61.35728204245105,55.82743978088286,1.61773449147401
43.08157732900316,0,21.786467973970403,65.16381857714173,52.400547529776745
54.6405713247636,0,79.46652147043814,38.415908189664094,77.17125803883258
35.032074276585476,0,37.173609541214226,48.45010784975722,22.499741371591607
34.80227365336151,1,11.728841163089,64.0620725301867,25.793961461800652
24.134939607422705,1,29.144610544725314,22.248863208302772,29.960055803420026
39.86348494244987,0,66.74309586682712,7.3700313941575395,84.46271812369358
43.744031270972066,1,56.26049590824339,43.63774227961949,44.553927933256254
62.35738654637498,0,82.19442762762775,50.49003045601782,87.51523037839762
37.13887255256646,1,56.65132692224165,20.47676439721825,57.26384358503333
34.824832963259155,0,18.239865097531883,30.038933966414138,86.68649923716968
41.98680332728457,0,34.66245771444196,47.12851755989747,63.68329494496496
56.50065664039666,0,94.46417452254269,38.69197426180606,63.42307289455715
55.81461705711832,0,99.20697016003366,25.814542597940783,78.63354484965951
38.665686753923595,0,7.9388113288546,90.69186926502155,0.03647824629298135
46.707927214659605,0,34.16126445291193,70.35805736393263,41.58162466606486
25.121488621039404,1,8.606248006593509,25.474601578994626,59.248867937317485
25.11017688754651,1,14.988750463305244,41.93962409420272,16.68851055436924
40.8186996864937,1,84.39909693392961,5.997657263416656,62.999538504740784
34.71161568068173,1,76.17684297564007,6.982897229832263,42.827019480284015
32.111559667169715,0,84.68715085233227,15.566382352337326,2.3943073526755176
57.63826605340243,1,55.33468061970347,93.28743744481076,16.114434447835425
49.842124601102995,0,97.50461943306502,43.533779388135876,15.886135079645713
62.78799224536375,0,53.40134610978612,71.02899241743538,91.77995722726885
42.01677241692269,1,83.98322469166204,30.31306306513003,20.982898916860314
48.538205145474386,0,69.00412952643025,44.423197299349695,50.33843683902715
50.13189094042949,0,88.64570548415263,51.19452592984876,15.301844616221027
29.519272228406393,1,53.41199939916896,18.371853394062963,28.234655255152575
24.641538507892392,1,24.571107191077978,12.380191731909084,59.09064828902682
37.33802014754464,0,29.826071734394553,58.50626497592367,24.93846318428402
30.464122412512317,1,83.92079627985342,2.4905364361123117,18.958344770556835
34.037307336006165,0,26.097738039305685,56.16970980519949,18.70051001067331
58.539186168679414,1,50.791758406087695,87.55541362369411,38.897465986877286
48.12150031050942,0,7.834691120706361,89.3326337418474,50.19019738779276
30.032513255161597,0,21.818399798707645,13.80734987384079,89.82026683006494
63.79231164261556,1,59.30273661038904,91.71982736252949,44.06779857243528
56.055785014796555,1,26.88625182736225,88.81162999229987,59.82628734833965
64.5893656334423,0,75.11306971562435,77.85154233959352,54.5741389145879
34.267728638368666,1,71.50616427423579,11.463357207337065,38.65268236581551
22.06160030921372,0,36.84476670642122,9.411261659978265,36.21832816648024
12.299337682464017,1,3.6926067883211178,2.9418119176347957,47.57415439456882
35.012296374064285,0,41.04379774255652,14.387271912215748,84.72124143205514
58.65751950008972,1,60.05067327411739,61.634588876132334,77.44240983700786
27.30039879971615,1,85.13910738988272,0.2415094488403935,5.810314016075868
32.86243372041481,0,17.68314039807941,54.26394370397595,29.259570597003048
49.746862291763364,1,46.64277864424413,80.82419200686972,14.62175947871115
61.021214115756734,0,91.5783721988247,55.84507555642886,56.04836116768889
54.33013452136902,0,64.43790425575267,65.83265256920792,43.32851108480019
39.729012135591496,0,67.37510301980096,3.017018658375925,91.54836883150419
53.462828832531464,1,70.67535357718077,71.52256661865003,15.755980559586124
59.42110142886182,0,81.39681392318984,75.07821340539832,24.853859448727654
68.46707034476364,0,58.19820990621836,91.94222107631313,71.15359471186444
65.22587901041095,1,96.24713223886036,86.49988849658365,6.258919700596898
28.585767918075042,1,40.42695630439438,29.506915325754946,20.774574482273735
31.927147688704956,1,62.52558024489592,5.870874810170779,51.605618455839355
42.10526703782496,0,51.31266223604869,64.47676530102773,4.603811232996302
55.31418316272449,1,2.6764761070619314,99.92537709381904,70.20544746539143
34.313984760797055,1,31.884089314742535,12.372075807996929,96.49963821587762
30.198528932498938,1,2.9319226195838266,60.254216485906255,23.586327761306425
28.165147147972604,0,12.104109519995854,29.97492988313758,62.71971169359406
19.22928381120145,1,1.3390425651026328,40.61781349340418,10.402228221544963
64.93281890191622,0,52.696293634934534,76.03970823965567,93.54023757786796
67.77601889587606,1,54.415787409618645,77.75452767268925,99.24735801957382
26.783421154664882,0,35.59169518407346,36.4370122977227,7.655538401768814
46.73091968335042,0,49.043364679442845,67.18267391684563,25.724203563896562
48.95091950060521,1,91.4448671502696,15.574805815215797,73.93768514719007
33.788296671385694,0,78.67584243162918,13.66728944489507,23.593140819694558
58.16941515021922,1,9.62625304008814,93.25509284739087,87.39751049618212
51.08026890565162,0,69.27718743447863,60.97651952831246,29.532524319915233
28.63284468723125,1,42.00056452595757,38.47674293690635,0.7098907734071958
72.87853468199006,0,86.89200553204789,83.67613358490092,66.70239794207663
79.5696635641313,1,85.3373160234599,96.69252702766917,73.95728973012827
54.529480870396625,1,73.21078168511701,62.16166801441927,36.00789579546905
51.634924747187924,0,38.97533461629998,82.82476024388721,34.06210132371525
32.89918380697834,0,2.1440645659589253,64.38421524247242,32.51139170100848
32.49740680914271,1,4.867052534049899,44.78904105564629,63.10837313334612
45.47940624183949,0,45.18276473019238,39.45125003103704,80.7203840518348
34.221506825473504,0,31.989832969471355,48.955259765716484,25.21226514172753
35.671414221762916,0,28.587417070435272,57.27490946702103,20.926126569119585
44.207159556639475,1,73.52712462616125,24.775260343161488,58.69459015763251
36.03164863758455,0,96.25063544643295,13.99025137043951,7.801787277394334
29.246297435651083,1,11.163027888160226,36.06755812427894,54.851829097457205
83.51365149100621,1,99.60843856273578,99.11182559716242,67.43194841660257
28.014498142935796,0,12.715153480508768,18.763422279557552,83.47291593480072
20.781622616270802,1,50.96769943706575,3.172794964884307,18.61097399598678
54.631703625424954,0,6.684650173972562,90.45028872517743,82.23096541581107
47.43476881644206,1,60.52483191769834,48.506536999110835,46.87352220744111
58.991394684357715,1,34.94768395097959,97.06632570894122,45.902796077436726
60.403113131189926,0,73.53181265446706,54.35263663377891,83.01257340669119
24.138917755056475,0,27.677975936453524,11.479552046093177,56.21852077841574
53.36914177594889,0,53.5715710345375,53.4894104276906,79.509531472557
32.55022802051536,1,75.59972984449043,9.540040191467236,27.771464952906722
57.19485989899771,1,60.452813802000705,90.52349194045156,11.748094911084383
54.395600127231475,1,42.12258669599835,56.076469261789555,94.14118206858075
55.02696583220876,0,0.7494464532814882,89.15162804024736,95.70740340062682
39.542094363057565,1,53.07993121217594,10.28137008402419,95.02783482897551
43.2856001759472,1,38.68655596891865,61.553323239561365,32.79152044723532
41.65907671046737,1,46.6540154667513,34.966049593760395,65.8822611646891
52.410571637063526,0,61.81498210054273,46.96812041693713,75.39414420062927
55.22107361371161,0,96.49255834141363,59.12852354665926,13.109483463119087
20.70230525364354,0,60.26591964973511,1.2221298703885553,10.668387052837936
31.568116847497425,1,48.98133303148371,25.998824986318603,29.870934717624365
35.542736637702305,1,89.8917370662093,2.5213759983203965,35.333325592556776
28.18800468400383,0,7.771589135740542,50.53978720562885,28.20306530515063
45.82366252614208,1,29.626106596259916,60.67224048925135,60.8346717578178
72.9140718346793,1,85.09730797107531,82.9036403073377,68.61711660210811
26.38730968461455,0,37.39368725696609,2.207683210033917,71.43065111755578
45.70758676897387,0,78.07068076685927,24.17271822540211,63.08647624377619
45.89578546571597,0,80.00429608687682,6.487966311524273,96.49655057521606
48.73395220247687,0,21.64135492010907,62.03805386381672,87.13162090458728
65.49961138686749,0,86.89650752598617,76.80163768018751,43.550020284983184
12.686549344532967,0,20.88921756084413,1.4846271153313717,29.12966615073589
71.53068337335444,1,78.47903360768603,90.33614536558807,56.76257572406696
50.350905313458014,0,67.80859815322148,58.34989969533444,33.341829946788984
81.09347057795375,0,89.93428624207304,94.51171926853162,81.54248498959595
16.41000194370371,0,23.427634438070257,3.0844642578372827,40.739629545738595
42.177059460133556,1,3.3293055096014768,65.34596532378892,72.69940838868773
55.264391495419744,0,90.31700565198234,24.988915102665786,90.86861879379362
38.80537654368435,0,38.002428451577806,53.939594228890755,29.144051583273555
23.514954054649444,0,6.666267345199817,40.18111590396673,27.213137447514026
27.585801272122588,1,55.95609208573371,1.4966108654634769,48.501646501085425
68.54440511905986,1,67.63545194070137,91.48573018561011,55.79738731302704
62.689920195022495,1,35.49792689882859,88.51348331292188,80.67574400102582
48.3907939863432,0,15.443528647685289,76.08383410348158,66.62100875322488
20.19979437447695,0,2.917520168439036,22.95426638768603,50.71415884435413
63.400429694838806,0,47.554268002995,83.29731543542621,79.0761155988491
41.75148045775956,0,49.38778957717077,51.76932769142984,31.13706254018198
53.240738124776655,1,81.54635452715237,67.42751633991725,6.529126153320197
52.355593539380564,0,44.58950965339143,90.62498199932753,13.6437392181606
26.78516805039905,1,49.67048575877797,9.47653649940544,37.96703861501742
31.778354480553187,0,90.92254777720544,6.7874673470426305,8.933016042872522
55.9199153146991,1,71.73783225872722,68.35053403265056,32.79176012010354
69.51585081344234,0,84.32880138019527,80.01344631451744,61.0591593678839
53.64912571262589,1,41.68480135139333,65.70574366012949,71.80693921578047
41.97798060614179,0,63.95805311951533,30.35813887103692,53.23654560936212
49.411745344600014,0,85.80277112552788,9.61906428663858,99.11644146143108
40.77467152814806,1,16.918070969927445,51.07345723446457,73.84933671691998
60.8126547696244,0,59.63042066248738,59.70858132947937,95.20048019543219
54.75195459533894,0,83.00841873207342,55.44462626878376,38.35789234101702
44.736296923267474,0,81.81487651449221,40.28630871590949,20.38655241278007
59.141790084228205,0,67.20159538768499,57.983392219486596,78.93977290064036
37.853666371907224,0,14.561683372502632,54.07718578831536,59.271435224151446
69.14910987185745,1,70.7235827640478,94.52495005384105,48.11027510553343
32.04928033725316,1,13.278655614078605,33.035198314067785,71.7580216370123
64.69177371984428,0,61.726305165460325,94.4361965246668,41.99701780169731
5.96654666326736,1,9.18407528176961,0.04866171746029657,13.45929695876179
38.40802914585984,1,4.426780909813132,54.57143615074889,73.75710206308173
46.254037012877774,0,23.572814847383317,92.0143287959045,11.882305201504861
71.85011386554419,0,58.24814048068704,88.92316560980036,94.03202738708963
56.806613660736915,1,8.2892894122663,85.03076721899774,99.03759974728963
50.82284222495987,0,97.39413706012792,41.87246654735933,24.27807243988881
41.885177154154405,0,68.0062454808675,15.58297223385111,76.25057308176856
46.350658741466006,1,28.340299300638637,56.12101650616257,74.50081174404693
51.60353201962634,0,6.038607346714042,82.3460514945577,84.26764608894524
53.443712724349,0,68.99060234252643,66.64777572613846,30.43710865567837
40.57758583830346,1,20.225331765880394,45.216299043997275,79.61733345470218
80.64718818799578,1,96.36663201285639,99.81848732214566,56.549018276403
48.12579092778326,1,30.347129743690495,86.2477360742871,20.112787874806315
51.7352456849077,0,82.13642986352185,26.170572992116938,83.13043764502186
56.11028021920606,0,57.60718628066049,88.37025781681892,17.40010604140171
41.338795783395284,0,79.30423003802414,6.421847925231116,74.89393800947798
42.11582837422217,1,39.54209496812797,25.707676366862962,97.35064668519296
27.357276335500913,1,23.989445222597794,40.757664579581245,16.78688468444537
41.8010838335708,1,16.784362877810043,77.98633323736993,25.35620837639908
24.126306597105536,1,43.204991814443176,22.534948906806072,8.25414745025077
61.96312891051803,1,89.6405680443325,74.90279313555762,23.04920621497619
43.40839154614997,0,14.924993264683216,78.18500049149783,38.28446685072936
36.71212451688024,0,22.68137391405617,65.2359469005833,19.066667912150294
62.48164617378768,1,75.0301899144445,73.94227955642339,49.47838688442489
32.966968279760025,0,55.28764358189462,9.014879660310527,63.873616705337156
53.85807657400774,0,53.04417188053352,72.7058052883276,44.31251447258321
65.56963201671775,1,46.61048131836489,88.52606393077033,78.38031024450078
54.526926081467394,1,53.650934655492435,67.97647165357688,53.705285116944566
34.965804453382425,1,37.64297253592703,50.60924188848327,14.646079686055014
26.025686328602443,0,13.531706504257823,51.07869594051585,7.673480005593769
49.1380700903085,0,73.86146403241007,59.0042124598893,16.8897294831488
42.46015354309658,1,47.395205999823,36.275539454159386,66.15687980742962
70.04625066881053,0,52.4042344218058,89.98677805523587,91.6513456008722
39.40090199369857,0,75.50714111918285,1.3696620415662886,81.00447420658601
64.9709867800363,0,79.1649409327423,60.546603748775915,85.01431500351617
35.74281411074267,0,91.98586089745909,16.10952135373379,8.516236500057117
48.38472395121846,0,73.7251042812146,53.040014214660566,25.255934904949275
30.820421490030007,1,3.844191961870669,40.716167874988194,64.40348375736765
27.197602605226763,1,13.581362737646007,38.110828183386595,36.894312552891606
46.3769313787905,1,67.98281852850587,51.16476214429454,25.080904812604608
42.55184419301791,0,47.57179254279551,66.320092327823,8.76134749525026
59.615561620945215,0,49.24720607384069,91.352830528851,41.501337936263006
49.526754895779284,0,63.30760519737636,68.1082135963989,16.455939490034087
50.81266656485202,1,36.92937648655838,65.97038142292188,64.22850524857878
52.46227864687299,0,88.88931016204529,44.24698329764966,40.483461395997665
74.51766235065952,1,95.37444610042746,73.09295002348718,80.84074255568204
66.79368622410504,0,67.64752962792616,66.40197907466118,99.69317852931358
40.38536183045466,0,69.87020242519412,5.009234589423405,87.10303633563531
49.406825160276945,1,56.36411550833028,52.40321414600735,55.181524246874616
50.17337347969382,0,53.149041234678826,51.730328984514486,67.68264757742189
57.08392106769719,1,22.95376610301738,75.64813551778103,97.1926851483978
80.78351521554079,0,89.32228763106434,87.14936022814213,95.63542417482314
68.48135453235663,0,52.08400900047604,88.07534592217982,88.13006731670944
66.63431207915457,1,48.240242023320455,80.84272772169288,96.62574191740642
38.29592241483902,0,28.45747610862648,65.4439280061725,17.90554189891035
23.951580470073676,0,8.727674659549944,35.849027380518436,34.9683356000066
36.9608468292415,0,29.759080424112916,56.965958109902516,26.23369729023307
54.50300416520854,0,60.98020670068922,83.88352548178706,13.277659811434717
72.72613070908109,0,66.77101954077499,89.00990652352098,85.45431118720101
38.62741506482941,1,62.02989724166243,16.394044702572085,64.80414005650923
45.58471080618047,1,87.67901552756847,11.962840258443642,69.97935022266233
62.970426948790305,1,37.26327419719237,86.20991757246996,84.03738830322305
38.382667824654746,1,39.791379370643284,25.12317401373686,79.47992203983509
48.264906361067574,0,98.65611691578808,33.28838493198748,26.763586567680786
16.90746327654831,0,30.905865430939127,9.215857248323001,19.746803739686857
34.04751033453345,0,28.934073516327697,37.90640285723824,51.0236356836992
35.12721851554286,1,75.31650048766062,4.028780650238806,52.10378054574575
24.490077355663608,0,58.00586955993992,16.44404346798285,2.553495502442471
37.42453993629765,0,53.27761377129041,13.036824707673201,81.13262960920622
58.479441998427916,1,78.20173126447209,47.98464386798377,76.62532535946391
29.2065073315637,1,62.464450364377974,15.939733914506993,17.95639328223756
42.378501917528226,1,30.595936382012724,72.92386677975104,17.650871455119997
42.710122510249604,0,16.594597115330156,58.47263869842821,71.71343948139636
58.551893473868304,1,97.04237731101341,34.90039028384828,74.89512083512487
45.67296590658957,0,38.28695440243308,70.97541272519099,28.98357247891623
51.422073575431156,1,6.232351955344195,92.45201934024315,60.35780126365316
44.85090851350117,1,28.333824790741737,74.47908864587286,30.295628089647487
76.2855615425417,1,93.2773744824649,92.9479728244887,53.11580034003375
43.743019062943546,1,71.13296210898987,20.359962648319353,68.79572685459421
44.27891338011692,1,40.337349285192936,69.844349864839,18.699843243117165
62.64792356602926,0,94.26732943683992,65.59053554694046,40.6575525810055
16.48182691883964,1,38.00277910284194,4.63138860574176,13.642188728451766
61.95590476296396,0,63.173016941275584,77.61123435015914,59.79752970258816
51.43804874707269,1,50.85367764364922,86.40048728256632,5.60875270475697
36.78648362093537,0,98.24194728678751,8.07677910358442,20.415938967326785
29.79423933912579,0,55.76020286190973,29.559885450629842,6.211121501504657
45.36737094389974,1,45.62877789546968,63.555323157424816,28.783041561444545
